ID,CustomerName,Region
7270,Lawrence Carroll,South America
9405,Elizabeth Lutz,Asia
5524,Michael Rivera,South America
2174,Kathleen Rodriguez,South America
4141,Laura Weber,Asia
6182,Brittany Palmer,South America
5324,Paul Graves,Asia
7446,David Li,North America
965,Joy Clark,Europe
6177,Aaron Cox,Europe
4855,Bryan Mathews,South America
5899,Kevin May,South America
1994,Lauren Buchanan,South America
387,Deborah Wilcox,Europe
2125,Tina Duran,North America
8180,Emily Woods,North America
2569,Jennifer King,Europe
2114,Tyler Haynes,North America
9736,Brandon Rodriguez,Europe
4939,Mr. Manuel Conway,North America
6565,Robert Blanchard,Asia
2278,Teresa Esparza,Asia
9360,Nicholas Cain,Europe
5376,Michele Cooley,North America
1993,Gregory Odom,South America
4047,Sara Miller,North America
1409,Justin Heath,Asia
7892,Jennifer Pena,Asia
2404,Erin Manning,North America
5255,Mark Brock,North America
9422,Tina Miller,South America
1966,Dustin Campbell,South America
6864,Tyler Holt,North America
3033,Dalton Perez,North America
5710,Brianna Richardson,North America
7373,Brian Aguilar DDS,North America
8755,Linda Smith,Europe
10738,Jeffrey Perkins,North America
4339,Angela Harris,South America
10755,Michael Harrell,Asia
8595,Lindsey Deleon,Europe
2968,Heather Riley,North America
8601,Sandy Short MD,Asia
503,Kenneth Alexander,Europe
8430,Michael Williams,Asia
7281,Beth Cardenas,North America
2139,Samantha Frank,North America
1371,Matthew Park,South America
9909,Jason Yates,North America
7286,Ryan Davis,North America
7244,Nicholas Ellis,Europe
6566,Stanley Aguirre,South America
8614,Albert Burke,Europe
4114,Bruce Rhodes,Asia
1331,Lauren Williams,North America
2225,Erika Fernandez,Asia
9381,Elizabeth Nguyen,Europe
6260,Zachary Turner,North America
10383,Mrs. Kimberly Wright,North America
7437,James Murphy,Europe
8557,Brandon Escobar,Europe
8375,Jeffery Hartman,Europe
6853,Wayne Ferguson,Europe
3076,Martha Montgomery,Europe
1012,Gerald Hines,North America
6518,Catherine White,Europe
4137,Carl Gonzalez,North America
8082,Mark Cox,North America
1386,Stacy Foster,Europe
9369,Timothy Perez,Europe
4477,Taylor Murphy,South America
1357,Sarah Scott,North America
1402,Heidi Johnson,Europe
10629,Jonathan Russo,Europe
6312,Misty Higgins,Europe
8132,Emily Roberts,South America
1050,Scott Sims,South America
5846,Julia Palmer,Asia
1859,Brian Murillo,North America
7503,David Gonzalez,Asia
10401,Kimberly Turner,Europe
1618,Aimee Taylor,South America
3332,Christina Stark,South America
2261,Belinda Garner,Asia
5346,Richard Brown,South America
4119,Stephanie Peterson,Europe
535,Travis Campbell,South America
5268,Carlos Murray,Asia
273,Paul Carter,Europe
4452,Charles Hamilton,Asia
8504,Lisa Kirk,South America
771,Jacqueline Zamora,Asia
8996,Nancy Walker,Asia
9235,Emily Trevino,North America
5798,William Walker,South America
11178,Benjamin Mcclure,South America
2230,Tina Ford,Asia
7516,Laura Gilbert,North America
7247,Rodney Eaton,South America
11100,Clinton Gomez,Europe
4646,Kelsey Roberts,Asia
3037,Michael Atkinson,South America
1473,Jennifer Munoz,Europe
1016,Laura Bennett,South America
4518,Ryan Hampton,Europe
9370,Amanda Mcguire,Asia
8908,Dana Cantrell,South America
8373,David Davis,South America
7533,Abigail Jones,North America
2683,Elizabeth Wells,Asia
3629,Roger David,Europe
10991,Brian Adkins,South America
5077,Joseph Ortiz Jr.,South America
7431,Benjamin Anderson,Europe
3267,Joshua Hamilton,Asia
999,James Martinez,North America
9215,Jeffrey Mcmahon,North America
2286,Jacob Holt,South America
1592,David Armstrong,Europe
367,Francisco Diaz,South America
5234,Mark Atkinson,Europe
9862,Corey Ruiz,North America
9805,Jason Johnston,Asia
6205,Lindsay Perez,Europe
8442,Nicholas Taylor,North America
7386,Caitlin Brown,South America
7215,Kathryn Stevens,Europe
1491,Henry Leach,Asia
11071,Marcus Livingston,South America
3381,Robert Jones,South America
8268,Scott Wilson,North America
11051,Lisa Jackson,Europe
8026,Gwendolyn Carter,South America
433,Theresa Gonzalez,Asia
9597,Toni Weaver,Europe
1295,Kristen Holder,Asia
5290,Robert Gardner,South America
1685,Cynthia Clayton,Asia
5342,Ricky Gutierrez,North America
9579,Gregory Estrada,Asia
7660,Paul Parsons,Europe
1461,Nicole Long DVM,Asia
821,Brian Parker,Asia
11084,Andrea Hart,North America
8690,Wayne Stone,Asia
2937,Brittany Harvey,Asia
9701,Hunter Fuller,South America
9949,Matthew Rogers,South America
10837,Tina Wilson,Europe
3120,Angela Williams,South America
5885,Amber Gonzalez,South America
4050,Justin Evans,South America
3830,Justin Smith,South America
7987,Robert Sharp,North America
7798,Michelle Brown,South America
92,William Adams,North America
7055,Miguel Wong,North America
10240,Wendy Browning,South America
3025,Austin Miller,Asia
9283,Jodi Cook,North America
9970,Jessica Warren,Asia
2730,Edwin Watson,Asia
2795,Tiffany Cain,South America
9260,Morgan Perez,Europe
8182,Juan Mcdaniel,South America
10095,John Rogers,Europe
8475,Brandy Welch,Europe
4370,Karen Clements MD,South America
10573,Jennifer Shaw,South America
3712,Logan Harris,Europe
6637,Michael Cowan,South America
3152,Jamie Webb,Europe
5610,Francisco Young,Asia
6460,Tracy Steele,South America
1349,Matthew Johnson,Asia
1880,Nicole Booth,North America
641,Julia Kelly,Asia
8717,Carol Williams,Asia
10314,Donald Miller,Europe
10854,Amy Carpenter,Asia
10492,Alexander Barker,South America
6935,Joshua Preston,Europe
7698,Kimberly Johnson,North America
3559,Tina Jacobs,South America
10562,Kathleen Logan,North America
10796,Amber Alexander,Asia
2563,Kayla Kelly,South America
3518,Anna Ball,South America
5823,Sherri Dixon,North America
3934,Alexander Lowe,South America
6982,Samantha Gibson DVM,South America
6431,Sarah Arias,South America
9733,Douglas Torres,Asia
5602,Stacy Cook,North America
7829,Jeremy Mclaughlin,South America
1324,Laura Watts,Europe
326,Christina Harvey,Europe
7224,Rebecca Ray,Europe
6999,Andrea Jenkins,Europe
9938,Kelly Cross,Asia
,,
,,
,,
,,
,,
